URL,Faculty Name,Tab Name,Row Data,Matched Expertise
https://christuniversity.in/computer-science/faculty-details/NjgzNQ==/NjI=,Dr  HELEN K JOY,Articles in Journals,slno title name journal date publication volume noissue nopage ,No relevant subject found
https://christuniversity.in/computer-science/faculty-details/NjgzNQ==/NjI=,Dr  HELEN K JOY,Articles in Journals, machine learning deep learning analysis vehicle carbon footprint international journal environmental impact jun  ,"Machine Learning, Deep Learning"
https://christuniversity.in/computer-science/faculty-details/NjgzNQ==/NjI=,Dr  HELEN K JOY,Articles in Journals,additional informationcategoryarticle research journalsole authored co authoredcoauthorauthor name ssridevi rdhyan rhelen k joy electa alice jayarani avanusha dtitle articlemachine learning deep learning analysis vehicle carbon footprintname journalinternational journal environmental impactsvolume noissue nopage nourlhttpswwwiietaorgjournalsijeiindexing agencyscopusdate publicationjun category article research journal sole authored co authored coauthor author name sridevi rdhyan rhelen k joy electa alice jayarani avanusha title article machine learning deep learning analysis vehicle carbon footprint name journal international journal environmental impact volume  issue  page  url httpswwwiietaorgjournalsijei indexing agency scopus date publication jun,"Machine Learning, Deep Learning"
https://christuniversity.in/computer-science/faculty-details/NjgzNQ==/NjI=,Dr  HELEN K JOY,Articles in Journals,category article research journal,No relevant subject found
https://christuniversity.in/computer-science/faculty-details/NjgzNQ==/NjI=,Dr  HELEN K JOY,Articles in Journals,sole authored co authored coauthor,No relevant subject found
https://christuniversity.in/computer-science/faculty-details/NjgzNQ==/NjI=,Dr  HELEN K JOY,Articles in Journals,author name sridevi rdhyan rhelen k joy electa alice jayarani avanusha,No relevant subject found
https://christuniversity.in/computer-science/faculty-details/NjgzNQ==/NjI=,Dr  HELEN K JOY,Articles in Journals,title article machine learning deep learning analysis vehicle carbon footprint,"Machine Learning, Deep Learning"
https://christuniversity.in/computer-science/faculty-details/NjgzNQ==/NjI=,Dr  HELEN K JOY,Articles in Journals,name journal international journal environmental impact,No relevant subject found
https://christuniversity.in/computer-science/faculty-details/NjgzNQ==/NjI=,Dr  HELEN K JOY,Articles in Journals,volume ,No relevant subject found
https://christuniversity.in/computer-science/faculty-details/NjgzNQ==/NjI=,Dr  HELEN K JOY,Articles in Journals,issue ,No relevant subject found
https://christuniversity.in/computer-science/faculty-details/NjgzNQ==/NjI=,Dr  HELEN K JOY,Articles in Journals,page ,No relevant subject found
https://christuniversity.in/computer-science/faculty-details/NjgzNQ==/NjI=,Dr  HELEN K JOY,Articles in Journals,url httpswwwiietaorgjournalsijei,No relevant subject found
https://christuniversity.in/computer-science/faculty-details/NjgzNQ==/NjI=,Dr  HELEN K JOY,Articles in Journals,indexing agency scopus,No relevant subject found
https://christuniversity.in/computer-science/faculty-details/NjgzNQ==/NjI=,Dr  HELEN K JOY,Articles in Journals,date publication jun,No relevant subject found
https://christuniversity.in/computer-science/faculty-details/NjgzNQ==/NjI=,Dr  HELEN K JOY,Articles in Journals, efficient bird specie classification deep learning approach indian journal natural science jun  ,Deep Learning
https://christuniversity.in/computer-science/faculty-details/NjgzNQ==/NjI=,Dr  HELEN K JOY,Articles in Journals,additional informationcategoryarticle research journalsole authored co authoredcoauthorauthor name shelen k joysridevi relacta alice jayaranifabiola hazel pohrmentitle articleefficient bird specie classification deep learning approachname journalindian journal natural sciencesvolume noissue nopage nourlhttpswwwwebofsciencecomwosauthorrecordlsmindexing agencyweb sciencedate publicationjun category article research journal sole authored co authored coauthor author name helen k joysridevi relacta alice jayaranifabiola hazel pohrmen title article efficient bird specie classification deep learning approach name journal indian journal natural science volume  issue  page  url httpswwwwebofsciencecomwosauthorrecordlsm indexing agency web science date publication jun,Deep Learning
https://christuniversity.in/computer-science/faculty-details/NjgzNQ==/NjI=,Dr  HELEN K JOY,Articles in Journals,category article research journal,No relevant subject found
https://christuniversity.in/computer-science/faculty-details/NjgzNQ==/NjI=,Dr  HELEN K JOY,Articles in Journals,sole authored co authored coauthor,No relevant subject found
https://christuniversity.in/computer-science/faculty-details/NjgzNQ==/NjI=,Dr  HELEN K JOY,Articles in Journals,author name helen k joysridevi relacta alice jayaranifabiola hazel pohrmen,No relevant subject found
https://christuniversity.in/computer-science/faculty-details/NjgzNQ==/NjI=,Dr  HELEN K JOY,Articles in Journals,title article efficient bird specie classification deep learning approach,Deep Learning
https://christuniversity.in/computer-science/faculty-details/NjgzNQ==/NjI=,Dr  HELEN K JOY,Articles in Journals,name journal indian journal natural science,No relevant subject found
https://christuniversity.in/computer-science/faculty-details/NjgzNQ==/NjI=,Dr  HELEN K JOY,Articles in Journals,volume ,No relevant subject found
https://christuniversity.in/computer-science/faculty-details/NjgzNQ==/NjI=,Dr  HELEN K JOY,Articles in Journals,issue ,No relevant subject found
https://christuniversity.in/computer-science/faculty-details/NjgzNQ==/NjI=,Dr  HELEN K JOY,Articles in Journals,page ,No relevant subject found
https://christuniversity.in/computer-science/faculty-details/NjgzNQ==/NjI=,Dr  HELEN K JOY,Articles in Journals,url httpswwwwebofsciencecomwosauthorrecordlsm,No relevant subject found
https://christuniversity.in/computer-science/faculty-details/NjgzNQ==/NjI=,Dr  HELEN K JOY,Articles in Journals,indexing agency web science,No relevant subject found
https://christuniversity.in/computer-science/faculty-details/NjgzNQ==/NjI=,Dr  HELEN K JOY,Articles in Journals,date publication jun,No relevant subject found
https://christuniversity.in/computer-science/faculty-details/NjgzNQ==/NjI=,Dr  HELEN K JOY,Articles in Journals, deep convolutional neural network driven interpolation filter high efficiency video coding mathematical modelling engineering problem may  ,No relevant subject found
https://christuniversity.in/computer-science/faculty-details/NjgzNQ==/NjI=,Dr  HELEN K JOY,Articles in Journals,additional informationcategoryarticle research journalsole authored co authoredcoauthorauthor name shelen k joymanjunath r kountetitle articledeep convolutional neural network driven interpolation filter high efficiency video codingname journalmathematical modelling engineering problemsvolume noissue nopage nourlhttpswwwscopuscomsourceidindexing agencyscopusdate publicationmay category article research journal sole authored co authored coauthor author name helen k joymanjunath r kounte title article deep convolutional neural network driven interpolation filter high efficiency video coding name journal mathematical modelling engineering problem volume  issue  page  url httpswwwscopuscomsourceid indexing agency scopus date publication may,No relevant subject found
https://christuniversity.in/computer-science/faculty-details/NjgzNQ==/NjI=,Dr  HELEN K JOY,Articles in Journals,category article research journal,No relevant subject found
https://christuniversity.in/computer-science/faculty-details/NjgzNQ==/NjI=,Dr  HELEN K JOY,Articles in Journals,sole authored co authored coauthor,No relevant subject found
https://christuniversity.in/computer-science/faculty-details/NjgzNQ==/NjI=,Dr  HELEN K JOY,Articles in Journals,author name helen k joymanjunath r kounte,No relevant subject found
https://christuniversity.in/computer-science/faculty-details/NjgzNQ==/NjI=,Dr  HELEN K JOY,Articles in Journals,title article deep convolutional neural network driven interpolation filter high efficiency video coding,No relevant subject found
https://christuniversity.in/computer-science/faculty-details/NjgzNQ==/NjI=,Dr  HELEN K JOY,Articles in Journals,name journal mathematical modelling engineering problem,No relevant subject found
https://christuniversity.in/computer-science/faculty-details/NjgzNQ==/NjI=,Dr  HELEN K JOY,Articles in Journals,volume ,No relevant subject found
https://christuniversity.in/computer-science/faculty-details/NjgzNQ==/NjI=,Dr  HELEN K JOY,Articles in Journals,issue ,No relevant subject found
https://christuniversity.in/computer-science/faculty-details/NjgzNQ==/NjI=,Dr  HELEN K JOY,Articles in Journals,page ,No relevant subject found
https://christuniversity.in/computer-science/faculty-details/NjgzNQ==/NjI=,Dr  HELEN K JOY,Articles in Journals,url httpswwwscopuscomsourceid,No relevant subject found
https://christuniversity.in/computer-science/faculty-details/NjgzNQ==/NjI=,Dr  HELEN K JOY,Articles in Journals,indexing agency scopus,No relevant subject found
https://christuniversity.in/computer-science/faculty-details/NjgzNQ==/NjI=,Dr  HELEN K JOY,Articles in Journals,date publication may,No relevant subject found
https://christuniversity.in/computer-science/faculty-details/NjgzNQ==/NjI=,Dr  HELEN K JOY,Articles in Journals, deep learning based video compression technique future research issue wireless personal communication jun  ,Deep Learning
https://christuniversity.in/computer-science/faculty-details/NjgzNQ==/NjI=,Dr  HELEN K JOY,Articles in Journals,additional informationcategoryarticle research journalsole authored co authoredcoauthorauthor name shelen k joymanjunath r kountearunkumar chandrasekharmanoranjan paultitle articledeep learning based video compression technique future research issuesname journalwireless personal communicationvolume noissue nopage nourlhttpswwwspringercomjournalindexing agencyweb sciencedate publicationjun category article research journal sole authored co authored coauthor author name helen k joymanjunath r kountearunkumar chandrasekharmanoranjan paul title article deep learning based video compression technique future research issue name journal wireless personal communication volume  issue  page  url httpswwwspringercomjournal indexing agency web science date publication jun,Deep Learning
https://christuniversity.in/computer-science/faculty-details/NjgzNQ==/NjI=,Dr  HELEN K JOY,Articles in Journals,category article research journal,No relevant subject found
https://christuniversity.in/computer-science/faculty-details/NjgzNQ==/NjI=,Dr  HELEN K JOY,Articles in Journals,sole authored co authored coauthor,No relevant subject found
https://christuniversity.in/computer-science/faculty-details/NjgzNQ==/NjI=,Dr  HELEN K JOY,Articles in Journals,author name helen k joymanjunath r kountearunkumar chandrasekharmanoranjan paul,No relevant subject found
https://christuniversity.in/computer-science/faculty-details/NjgzNQ==/NjI=,Dr  HELEN K JOY,Articles in Journals,title article deep learning based video compression technique future research issue,Deep Learning
https://christuniversity.in/computer-science/faculty-details/NjgzNQ==/NjI=,Dr  HELEN K JOY,Articles in Journals,name journal wireless personal communication,No relevant subject found
https://christuniversity.in/computer-science/faculty-details/NjgzNQ==/NjI=,Dr  HELEN K JOY,Articles in Journals,volume ,No relevant subject found
https://christuniversity.in/computer-science/faculty-details/NjgzNQ==/NjI=,Dr  HELEN K JOY,Articles in Journals,issue ,No relevant subject found
https://christuniversity.in/computer-science/faculty-details/NjgzNQ==/NjI=,Dr  HELEN K JOY,Articles in Journals,page ,No relevant subject found
https://christuniversity.in/computer-science/faculty-details/NjgzNQ==/NjI=,Dr  HELEN K JOY,Articles in Journals,url httpswwwspringercomjournal,No relevant subject found
https://christuniversity.in/computer-science/faculty-details/NjgzNQ==/NjI=,Dr  HELEN K JOY,Articles in Journals,indexing agency web science,No relevant subject found
https://christuniversity.in/computer-science/faculty-details/NjgzNQ==/NjI=,Dr  HELEN K JOY,Articles in Journals,date publication jun,No relevant subject found
https://christuniversity.in/computer-science/faculty-details/NjgzNQ==/NjI=,Dr  HELEN K JOY,Articles in Journals, deep learningbased switchable network inloop filtering high efficiency video coding international journal electrical computer engineering ijece apr  ,Deep Learning
https://christuniversity.in/computer-science/faculty-details/NjgzNQ==/NjI=,Dr  HELEN K JOY,Articles in Journals,additional informationcategoryarticle research journalsole authored co authoredcoauthorauthor name shelen k joymanjunath r kountetitle articledeep learningbased switchable network inloop filtering high efficiency video codingname journalinternational journal electrical computer engineering ijecevolume noissue nopage nourlhttpsijeceiaescorecomindexphpijecearticleviewindexing agencyscopusdate publicationapr category article research journal sole authored co authored coauthor author name helen k joymanjunath r kounte title article deep learningbased switchable network inloop filtering high efficiency video coding name journal international journal electrical computer engineering ijece volume  issue  page  url httpsijeceiaescorecomindexphpijecearticleview indexing agency scopus date publication apr,Deep Learning
https://christuniversity.in/computer-science/faculty-details/NjgzNQ==/NjI=,Dr  HELEN K JOY,Articles in Journals,category article research journal,No relevant subject found
https://christuniversity.in/computer-science/faculty-details/NjgzNQ==/NjI=,Dr  HELEN K JOY,Articles in Journals,sole authored co authored coauthor,No relevant subject found
https://christuniversity.in/computer-science/faculty-details/NjgzNQ==/NjI=,Dr  HELEN K JOY,Articles in Journals,author name helen k joymanjunath r kounte,No relevant subject found
https://christuniversity.in/computer-science/faculty-details/NjgzNQ==/NjI=,Dr  HELEN K JOY,Articles in Journals,title article deep learningbased switchable network inloop filtering high efficiency video coding,Deep Learning
https://christuniversity.in/computer-science/faculty-details/NjgzNQ==/NjI=,Dr  HELEN K JOY,Articles in Journals,name journal international journal electrical computer engineering ijece,No relevant subject found
https://christuniversity.in/computer-science/faculty-details/NjgzNQ==/NjI=,Dr  HELEN K JOY,Articles in Journals,volume ,No relevant subject found
https://christuniversity.in/computer-science/faculty-details/NjgzNQ==/NjI=,Dr  HELEN K JOY,Articles in Journals,issue ,No relevant subject found
https://christuniversity.in/computer-science/faculty-details/NjgzNQ==/NjI=,Dr  HELEN K JOY,Articles in Journals,page ,No relevant subject found
https://christuniversity.in/computer-science/faculty-details/NjgzNQ==/NjI=,Dr  HELEN K JOY,Articles in Journals,url httpsijeceiaescorecomindexphpijecearticleview,No relevant subject found
https://christuniversity.in/computer-science/faculty-details/NjgzNQ==/NjI=,Dr  HELEN K JOY,Articles in Journals,indexing agency scopus,No relevant subject found
https://christuniversity.in/computer-science/faculty-details/NjgzNQ==/NjI=,Dr  HELEN K JOY,Articles in Journals,date publication apr,No relevant subject found
https://christuniversity.in/computer-science/faculty-details/NjgzNQ==/NjI=,Dr  HELEN K JOY,Articles in Journals, design implementation deep depth decision algorithm complexity reduction high efficiency video coding hevc international journal advanced computer science application ijacsa nov  ,No relevant subject found
https://christuniversity.in/computer-science/faculty-details/NjgzNQ==/NjI=,Dr  HELEN K JOY,Articles in Journals,additional informationcategoryarticle research journalsole authored co authoredcoauthorauthor name shelen k joymanjunath r kountesujatha b ktitle articledesign implementation deep depth decision algorithm complexity reduction high efficiency video coding hevcname journalinternational journal advanced computer science application ijacsavolume noissue nopage nourlhttpsthesaiorgpublicationsijacsaindexing agencyweb science scopusdate publicationnov category article research journal sole authored co authored coauthor author name helen k joymanjunath r kountesujatha b k title article design implementation deep depth decision algorithm complexity reduction high efficiency video coding hevc name journal international journal advanced computer science application ijacsa volume  issue  page  url httpsthesaiorgpublicationsijacsa indexing agency web science scopus date publication nov,No relevant subject found
https://christuniversity.in/computer-science/faculty-details/NjgzNQ==/NjI=,Dr  HELEN K JOY,Articles in Journals,category article research journal,No relevant subject found
https://christuniversity.in/computer-science/faculty-details/NjgzNQ==/NjI=,Dr  HELEN K JOY,Articles in Journals,sole authored co authored coauthor,No relevant subject found
https://christuniversity.in/computer-science/faculty-details/NjgzNQ==/NjI=,Dr  HELEN K JOY,Articles in Journals,author name helen k joymanjunath r kountesujatha b k,No relevant subject found
https://christuniversity.in/computer-science/faculty-details/NjgzNQ==/NjI=,Dr  HELEN K JOY,Articles in Journals,title article design implementation deep depth decision algorithm complexity reduction high efficiency video coding hevc,No relevant subject found
https://christuniversity.in/computer-science/faculty-details/NjgzNQ==/NjI=,Dr  HELEN K JOY,Articles in Journals,name journal international journal advanced computer science application ijacsa,No relevant subject found
https://christuniversity.in/computer-science/faculty-details/NjgzNQ==/NjI=,Dr  HELEN K JOY,Articles in Journals,volume ,No relevant subject found
https://christuniversity.in/computer-science/faculty-details/NjgzNQ==/NjI=,Dr  HELEN K JOY,Articles in Journals,issue ,No relevant subject found
https://christuniversity.in/computer-science/faculty-details/NjgzNQ==/NjI=,Dr  HELEN K JOY,Articles in Journals,page ,No relevant subject found
https://christuniversity.in/computer-science/faculty-details/NjgzNQ==/NjI=,Dr  HELEN K JOY,Articles in Journals,url httpsthesaiorgpublicationsijacsa,No relevant subject found
https://christuniversity.in/computer-science/faculty-details/NjgzNQ==/NjI=,Dr  HELEN K JOY,Articles in Journals,indexing agency web science scopus,No relevant subject found
https://christuniversity.in/computer-science/faculty-details/NjgzNQ==/NjI=,Dr  HELEN K JOY,Articles in Journals,date publication nov,No relevant subject found
https://christuniversity.in/computer-science/faculty-details/NjgzNQ==/NjI=,Dr  HELEN K JOY,Articles in Journals, deep cnn based video compression lung ultrasound sample journal applied science engineering jun  ,CNN
https://christuniversity.in/computer-science/faculty-details/NjgzNQ==/NjI=,Dr  HELEN K JOY,Articles in Journals,additional informationcategoryarticle research journalsole authored co authoredcoauthorauthor name shelen k joymanjunath r kountetitle articledeep cnn based video compression lung ultrasound samplename journaljournal applied science engineeringvolume noissue nopage nourlhttpjasetkuedutwindexing agencyweb science scopusdate publicationjun category article research journal sole authored co authored coauthor author name helen k joymanjunath r kounte title article deep cnn based video compression lung ultrasound sample name journal journal applied science engineering volume  issue  page  url httpjasetkuedutw indexing agency web science scopus date publication jun,CNN
https://christuniversity.in/computer-science/faculty-details/NjgzNQ==/NjI=,Dr  HELEN K JOY,Articles in Journals,category article research journal,No relevant subject found
https://christuniversity.in/computer-science/faculty-details/NjgzNQ==/NjI=,Dr  HELEN K JOY,Articles in Journals,sole authored co authored coauthor,No relevant subject found
https://christuniversity.in/computer-science/faculty-details/NjgzNQ==/NjI=,Dr  HELEN K JOY,Articles in Journals,author name helen k joymanjunath r kounte,No relevant subject found
https://christuniversity.in/computer-science/faculty-details/NjgzNQ==/NjI=,Dr  HELEN K JOY,Articles in Journals,title article deep cnn based video compression lung ultrasound sample,CNN
https://christuniversity.in/computer-science/faculty-details/NjgzNQ==/NjI=,Dr  HELEN K JOY,Articles in Journals,name journal journal applied science engineering,No relevant subject found
https://christuniversity.in/computer-science/faculty-details/NjgzNQ==/NjI=,Dr  HELEN K JOY,Articles in Journals,volume ,No relevant subject found
https://christuniversity.in/computer-science/faculty-details/NjgzNQ==/NjI=,Dr  HELEN K JOY,Articles in Journals,issue ,No relevant subject found
https://christuniversity.in/computer-science/faculty-details/NjgzNQ==/NjI=,Dr  HELEN K JOY,Articles in Journals,page ,No relevant subject found
https://christuniversity.in/computer-science/faculty-details/NjgzNQ==/NjI=,Dr  HELEN K JOY,Articles in Journals,url httpjasetkuedutw,No relevant subject found
https://christuniversity.in/computer-science/faculty-details/NjgzNQ==/NjI=,Dr  HELEN K JOY,Articles in Journals,indexing agency web science scopus,No relevant subject found
https://christuniversity.in/computer-science/faculty-details/NjgzNQ==/NjI=,Dr  HELEN K JOY,Articles in Journals,date publication jun,No relevant subject found
https://christuniversity.in/computer-science/faculty-details/NjgzNQ==/NjI=,Dr  HELEN K JOY,Articles in Journals, comprehensive review traditional video processing advance science technology engineering system journal astesj nov  ,No relevant subject found
https://christuniversity.in/computer-science/faculty-details/NjgzNQ==/NjI=,Dr  HELEN K JOY,Articles in Journals,additional informationcategoryarticle research journalsole authored co authoredcoauthorauthor name shelen k joymanjunath r joytitle articlea comprehensive review traditional video processingname journaladvances science technology engineering system journal astesjvolume noissue nopage nourlhttpswwwastesjcompublicationsastesjpdfindexing agencyscopusdate publicationnov category article research journal sole authored co authored coauthor author name helen k joymanjunath r joy title article comprehensive review traditional video processing name journal advance science technology engineering system journal astesj volume  issue  page  url httpswwwastesjcompublicationsastesjpdf indexing agency scopus date publication nov,No relevant subject found
https://christuniversity.in/computer-science/faculty-details/NjgzNQ==/NjI=,Dr  HELEN K JOY,Articles in Journals,category article research journal,No relevant subject found
https://christuniversity.in/computer-science/faculty-details/NjgzNQ==/NjI=,Dr  HELEN K JOY,Articles in Journals,sole authored co authored coauthor,No relevant subject found
https://christuniversity.in/computer-science/faculty-details/NjgzNQ==/NjI=,Dr  HELEN K JOY,Articles in Journals,author name helen k joymanjunath r joy,No relevant subject found
https://christuniversity.in/computer-science/faculty-details/NjgzNQ==/NjI=,Dr  HELEN K JOY,Articles in Journals,title article comprehensive review traditional video processing,No relevant subject found
https://christuniversity.in/computer-science/faculty-details/NjgzNQ==/NjI=,Dr  HELEN K JOY,Articles in Journals,name journal advance science technology engineering system journal astesj,No relevant subject found
https://christuniversity.in/computer-science/faculty-details/NjgzNQ==/NjI=,Dr  HELEN K JOY,Articles in Journals,volume ,No relevant subject found
https://christuniversity.in/computer-science/faculty-details/NjgzNQ==/NjI=,Dr  HELEN K JOY,Articles in Journals,issue ,No relevant subject found
https://christuniversity.in/computer-science/faculty-details/NjgzNQ==/NjI=,Dr  HELEN K JOY,Articles in Journals,page ,No relevant subject found
https://christuniversity.in/computer-science/faculty-details/NjgzNQ==/NjI=,Dr  HELEN K JOY,Articles in Journals,url httpswwwastesjcompublicationsastesjpdf,No relevant subject found
https://christuniversity.in/computer-science/faculty-details/NjgzNQ==/NjI=,Dr  HELEN K JOY,Articles in Journals,indexing agency scopus,No relevant subject found
https://christuniversity.in/computer-science/faculty-details/NjgzNQ==/NjI=,Dr  HELEN K JOY,Articles in Journals,date publication nov,No relevant subject found
https://christuniversity.in/computer-science/faculty-details/NjgzNQ==/NjI=,Dr  HELEN K JOY,Book Chapter,slno type book title chapterarticle isbn month year ,No relevant subject found
https://christuniversity.in/computer-science/faculty-details/NjgzNQ==/NjI=,Dr  HELEN K JOY,Book Chapter, conference proceeding computationally efficient machine learning methodology indian nobel laureate classification  oct ,Machine Learning
https://christuniversity.in/computer-science/faculty-details/NjgzNQ==/NjI=,Dr  HELEN K JOY,Book Chapter,additional informationtype bookconference proceedingstype workarticlesole authoredco authoredcoauthoredauthor name shelen k joyswastik banerjeedr siddharth shellytitle bookproceedings ieee recent advance intelligent computational system raicstitle bookchapterarticlecase studycomputationally efficient machine learning methodology indian nobel laureate classificationmonthyearoctisbnpagespublishing companyinstitutionieeeindexing agencyscopuslevelinternational publisher type book conference proceeding type work article sole authoredco authored coauthored author name helen k joyswastik banerjeedr siddharth shelly title book proceeding ieee recent advance intelligent computational system raics title bookchapterarticlecase study computationally efficient machine learning methodology indian nobel laureate classification monthyear oct isbn  page  publishing companyinstitution ieee indexing agency scopus level international publisher,Machine Learning
https://christuniversity.in/computer-science/faculty-details/NjgzNQ==/NjI=,Dr  HELEN K JOY,Book Chapter,type book conference proceeding,No relevant subject found
https://christuniversity.in/computer-science/faculty-details/NjgzNQ==/NjI=,Dr  HELEN K JOY,Book Chapter,type work article,No relevant subject found
https://christuniversity.in/computer-science/faculty-details/NjgzNQ==/NjI=,Dr  HELEN K JOY,Book Chapter,sole authoredco authored coauthored,No relevant subject found
https://christuniversity.in/computer-science/faculty-details/NjgzNQ==/NjI=,Dr  HELEN K JOY,Book Chapter,author name helen k joyswastik banerjeedr siddharth shelly,No relevant subject found
https://christuniversity.in/computer-science/faculty-details/NjgzNQ==/NjI=,Dr  HELEN K JOY,Book Chapter,title book proceeding ieee recent advance intelligent computational system raics,No relevant subject found
https://christuniversity.in/computer-science/faculty-details/NjgzNQ==/NjI=,Dr  HELEN K JOY,Book Chapter,title bookchapterarticlecase study computationally efficient machine learning methodology indian nobel laureate classification,Machine Learning
https://christuniversity.in/computer-science/faculty-details/NjgzNQ==/NjI=,Dr  HELEN K JOY,Book Chapter,monthyear oct,No relevant subject found
https://christuniversity.in/computer-science/faculty-details/NjgzNQ==/NjI=,Dr  HELEN K JOY,Book Chapter,isbn ,No relevant subject found
https://christuniversity.in/computer-science/faculty-details/NjgzNQ==/NjI=,Dr  HELEN K JOY,Book Chapter,page ,No relevant subject found
https://christuniversity.in/computer-science/faculty-details/NjgzNQ==/NjI=,Dr  HELEN K JOY,Book Chapter,publishing companyinstitution ieee,No relevant subject found
https://christuniversity.in/computer-science/faculty-details/NjgzNQ==/NjI=,Dr  HELEN K JOY,Book Chapter,indexing agency scopus,No relevant subject found
https://christuniversity.in/computer-science/faculty-details/NjgzNQ==/NjI=,Dr  HELEN K JOY,Book Chapter,level international publisher,No relevant subject found
https://christuniversity.in/computer-science/faculty-details/NjgzNQ==/NjI=,Dr  HELEN K JOY,Book Chapter, conference proceeding enhancing humancomputer interaction lowcost air mouse sign language recognition system  aug ,No relevant subject found
https://christuniversity.in/computer-science/faculty-details/NjgzNQ==/NjI=,Dr  HELEN K JOY,Book Chapter,additional informationtype bookconference proceedingstype workarticlesole authoredco authoredcoauthoredauthor name shelen k joyhubert shanthansudhakar tl padma sureshtitle bookproceeding international conference circuit power computing technology iccpcttitle bookchapterarticlecase studyenhancing humancomputer interaction lowcost air mouse sign language recognition systemmonthyearaugisbnpagespublishing companyinstitutionieeeindexing agencyscopuslevelinternational publisher type book conference proceeding type work article sole authoredco authored coauthored author name helen k joyhubert shanthansudhakar tl padma suresh title book proceeding international conference circuit power computing technology iccpct title bookchapterarticlecase study enhancing humancomputer interaction lowcost air mouse sign language recognition system monthyear aug isbn  page  publishing companyinstitution ieee indexing agency scopus level international publisher,No relevant subject found
https://christuniversity.in/computer-science/faculty-details/NjgzNQ==/NjI=,Dr  HELEN K JOY,Book Chapter,type book conference proceeding,No relevant subject found
https://christuniversity.in/computer-science/faculty-details/NjgzNQ==/NjI=,Dr  HELEN K JOY,Book Chapter,type work article,No relevant subject found
https://christuniversity.in/computer-science/faculty-details/NjgzNQ==/NjI=,Dr  HELEN K JOY,Book Chapter,sole authoredco authored coauthored,No relevant subject found
https://christuniversity.in/computer-science/faculty-details/NjgzNQ==/NjI=,Dr  HELEN K JOY,Book Chapter,author name helen k joyhubert shanthansudhakar tl padma suresh,No relevant subject found
https://christuniversity.in/computer-science/faculty-details/NjgzNQ==/NjI=,Dr  HELEN K JOY,Book Chapter,title book proceeding international conference circuit power computing technology iccpct,No relevant subject found
https://christuniversity.in/computer-science/faculty-details/NjgzNQ==/NjI=,Dr  HELEN K JOY,Book Chapter,title bookchapterarticlecase study enhancing humancomputer interaction lowcost air mouse sign language recognition system,No relevant subject found
https://christuniversity.in/computer-science/faculty-details/NjgzNQ==/NjI=,Dr  HELEN K JOY,Book Chapter,monthyear aug,No relevant subject found
https://christuniversity.in/computer-science/faculty-details/NjgzNQ==/NjI=,Dr  HELEN K JOY,Book Chapter,isbn ,No relevant subject found
https://christuniversity.in/computer-science/faculty-details/NjgzNQ==/NjI=,Dr  HELEN K JOY,Book Chapter,page ,No relevant subject found
https://christuniversity.in/computer-science/faculty-details/NjgzNQ==/NjI=,Dr  HELEN K JOY,Book Chapter,publishing companyinstitution ieee,No relevant subject found
https://christuniversity.in/computer-science/faculty-details/NjgzNQ==/NjI=,Dr  HELEN K JOY,Book Chapter,indexing agency scopus,No relevant subject found
https://christuniversity.in/computer-science/faculty-details/NjgzNQ==/NjI=,Dr  HELEN K JOY,Book Chapter,level international publisher,No relevant subject found
https://christuniversity.in/computer-science/faculty-details/NjgzNQ==/NjI=,Dr  HELEN K JOY,Book Chapter, conference proceeding novel approach machine reading comprehension using bertbased large language model  jul ,No relevant subject found
https://christuniversity.in/computer-science/faculty-details/NjgzNQ==/NjI=,Dr  HELEN K JOY,Book Chapter,additional informationtype bookconference proceedingstype workarticlesole authoredco authoredcoauthoredauthor name snisha varghesegobi rhelen k joysridevi rcynthia trajesh kanna rieeetitle bookproceedings conecct th ieee international conference electronics computing communication technologiestitle bookchapterarticlecase studya novel approach machine reading comprehension using bertbased large language modelsmonthyearjulisbnpages publishing companyinstitutionieee exploreindexing agencyscopuslevelinternational publisher type book conference proceeding type work article sole authoredco authored coauthored author name nisha varghesegobi rhelen k joysridevi rcynthia trajesh kanna rieee title book proceeding conecct th ieee international conference electronics computing communication technology title bookchapterarticlecase study novel approach machine reading comprehension using bertbased large language model monthyear jul isbn  page  publishing companyinstitution ieee explore indexing agency scopus level international publisher,No relevant subject found
https://christuniversity.in/computer-science/faculty-details/NjgzNQ==/NjI=,Dr  HELEN K JOY,Book Chapter,type book conference proceeding,No relevant subject found
https://christuniversity.in/computer-science/faculty-details/NjgzNQ==/NjI=,Dr  HELEN K JOY,Book Chapter,type work article,No relevant subject found
https://christuniversity.in/computer-science/faculty-details/NjgzNQ==/NjI=,Dr  HELEN K JOY,Book Chapter,sole authoredco authored coauthored,No relevant subject found
https://christuniversity.in/computer-science/faculty-details/NjgzNQ==/NjI=,Dr  HELEN K JOY,Book Chapter,author name nisha varghesegobi rhelen k joysridevi rcynthia trajesh kanna rieee,No relevant subject found
https://christuniversity.in/computer-science/faculty-details/NjgzNQ==/NjI=,Dr  HELEN K JOY,Book Chapter,title book proceeding conecct th ieee international conference electronics computing communication technology,No relevant subject found
https://christuniversity.in/computer-science/faculty-details/NjgzNQ==/NjI=,Dr  HELEN K JOY,Book Chapter,title bookchapterarticlecase study novel approach machine reading comprehension using bertbased large language model,No relevant subject found
https://christuniversity.in/computer-science/faculty-details/NjgzNQ==/NjI=,Dr  HELEN K JOY,Book Chapter,monthyear jul,No relevant subject found
https://christuniversity.in/computer-science/faculty-details/NjgzNQ==/NjI=,Dr  HELEN K JOY,Book Chapter,isbn ,No relevant subject found
https://christuniversity.in/computer-science/faculty-details/NjgzNQ==/NjI=,Dr  HELEN K JOY,Book Chapter,page ,No relevant subject found
https://christuniversity.in/computer-science/faculty-details/NjgzNQ==/NjI=,Dr  HELEN K JOY,Book Chapter,publishing companyinstitution ieee explore,No relevant subject found
https://christuniversity.in/computer-science/faculty-details/NjgzNQ==/NjI=,Dr  HELEN K JOY,Book Chapter,indexing agency scopus,No relevant subject found
https://christuniversity.in/computer-science/faculty-details/NjgzNQ==/NjI=,Dr  HELEN K JOY,Book Chapter,level international publisher,No relevant subject found
https://christuniversity.in/computer-science/faculty-details/NjgzNQ==/NjI=,Dr  HELEN K JOY,Book Chapter, conference proceeding thermai exploring temperature analysis diverse machine learning model  jul ,Machine Learning
https://christuniversity.in/computer-science/faculty-details/NjgzNQ==/NjI=,Dr  HELEN K JOY,Book Chapter,additional informationtype bookconference proceedingstype workarticlesole authoredco authoredcoauthoredauthor name shelen k joydeon rose babu thomasdr pappa ptitle book international conference electronics computing communication control technology iceccctitle bookchapterarticlecase studythermai exploring temperature analysis diverse machine learning modelsmonthyearjulisbnpagespublishing companyinstitutionieeeindexing agencyscopuslevelinternational publisher type book conference proceeding type work article sole authoredco authored coauthored author name helen k joydeon rose babu thomasdr pappa p title book international conference electronics computing communication control technology iceccc title bookchapterarticlecase study thermai exploring temperature analysis diverse machine learning model monthyear jul isbn  page  publishing companyinstitution ieee indexing agency scopus level international publisher,Machine Learning
https://christuniversity.in/computer-science/faculty-details/NjgzNQ==/NjI=,Dr  HELEN K JOY,Book Chapter,type book conference proceeding,No relevant subject found
https://christuniversity.in/computer-science/faculty-details/NjgzNQ==/NjI=,Dr  HELEN K JOY,Book Chapter,type work article,No relevant subject found
https://christuniversity.in/computer-science/faculty-details/NjgzNQ==/NjI=,Dr  HELEN K JOY,Book Chapter,sole authoredco authored coauthored,No relevant subject found
https://christuniversity.in/computer-science/faculty-details/NjgzNQ==/NjI=,Dr  HELEN K JOY,Book Chapter,author name helen k joydeon rose babu thomasdr pappa p,No relevant subject found
https://christuniversity.in/computer-science/faculty-details/NjgzNQ==/NjI=,Dr  HELEN K JOY,Book Chapter,title book international conference electronics computing communication control technology iceccc,No relevant subject found
https://christuniversity.in/computer-science/faculty-details/NjgzNQ==/NjI=,Dr  HELEN K JOY,Book Chapter,title bookchapterarticlecase study thermai exploring temperature analysis diverse machine learning model,Machine Learning
https://christuniversity.in/computer-science/faculty-details/NjgzNQ==/NjI=,Dr  HELEN K JOY,Book Chapter,monthyear jul,No relevant subject found
https://christuniversity.in/computer-science/faculty-details/NjgzNQ==/NjI=,Dr  HELEN K JOY,Book Chapter,isbn ,No relevant subject found
https://christuniversity.in/computer-science/faculty-details/NjgzNQ==/NjI=,Dr  HELEN K JOY,Book Chapter,page ,No relevant subject found
https://christuniversity.in/computer-science/faculty-details/NjgzNQ==/NjI=,Dr  HELEN K JOY,Book Chapter,publishing companyinstitution ieee,No relevant subject found
https://christuniversity.in/computer-science/faculty-details/NjgzNQ==/NjI=,Dr  HELEN K JOY,Book Chapter,indexing agency scopus,No relevant subject found
https://christuniversity.in/computer-science/faculty-details/NjgzNQ==/NjI=,Dr  HELEN K JOY,Book Chapter,level international publisher,No relevant subject found
https://christuniversity.in/computer-science/faculty-details/NjgzNQ==/NjI=,Dr  HELEN K JOY,Book Chapter, conference proceeding deep cnn based interpolation filter high efficiency video coding  mar ,CNN
https://christuniversity.in/computer-science/faculty-details/NjgzNQ==/NjI=,Dr  HELEN K JOY,Book Chapter,additional informationtype bookconference proceedingstype workarticlesole authoredco authoredcoauthoredauthor name shelen k joymanjunath r kountetitle bookproceedings nd international conference intelligent data communication technology internet thing idciottitle bookchapterarticlecase studydeep cnn based interpolation filter high efficiency video codingmonthyearmarisbnpagespublishing companyinstitutionieeeindexing agencyscopuslevelinternational publisher type book conference proceeding type work article sole authoredco authored coauthored author name helen k joymanjunath r kounte title book proceeding nd international conference intelligent data communication technology internet thing idciot title bookchapterarticlecase study deep cnn based interpolation filter high efficiency video coding monthyear mar isbn  page  publishing companyinstitution ieee indexing agency scopus level international publisher,"IoT, CNN"
https://christuniversity.in/computer-science/faculty-details/NjgzNQ==/NjI=,Dr  HELEN K JOY,Book Chapter,type book conference proceeding,No relevant subject found
https://christuniversity.in/computer-science/faculty-details/NjgzNQ==/NjI=,Dr  HELEN K JOY,Book Chapter,type work article,No relevant subject found
https://christuniversity.in/computer-science/faculty-details/NjgzNQ==/NjI=,Dr  HELEN K JOY,Book Chapter,sole authoredco authored coauthored,No relevant subject found
https://christuniversity.in/computer-science/faculty-details/NjgzNQ==/NjI=,Dr  HELEN K JOY,Book Chapter,author name helen k joymanjunath r kounte,No relevant subject found
https://christuniversity.in/computer-science/faculty-details/NjgzNQ==/NjI=,Dr  HELEN K JOY,Book Chapter,title book proceeding nd international conference intelligent data communication technology internet thing idciot,IoT
https://christuniversity.in/computer-science/faculty-details/NjgzNQ==/NjI=,Dr  HELEN K JOY,Book Chapter,title bookchapterarticlecase study deep cnn based interpolation filter high efficiency video coding,CNN
https://christuniversity.in/computer-science/faculty-details/NjgzNQ==/NjI=,Dr  HELEN K JOY,Book Chapter,monthyear mar,No relevant subject found
https://christuniversity.in/computer-science/faculty-details/NjgzNQ==/NjI=,Dr  HELEN K JOY,Book Chapter,isbn ,No relevant subject found
https://christuniversity.in/computer-science/faculty-details/NjgzNQ==/NjI=,Dr  HELEN K JOY,Book Chapter,page ,No relevant subject found
https://christuniversity.in/computer-science/faculty-details/NjgzNQ==/NjI=,Dr  HELEN K JOY,Book Chapter,publishing companyinstitution ieee,No relevant subject found
https://christuniversity.in/computer-science/faculty-details/NjgzNQ==/NjI=,Dr  HELEN K JOY,Book Chapter,indexing agency scopus,No relevant subject found
https://christuniversity.in/computer-science/faculty-details/NjgzNQ==/NjI=,Dr  HELEN K JOY,Book Chapter,level international publisher,No relevant subject found
https://christuniversity.in/computer-science/faculty-details/NjgzNQ==/NjI=,Dr  HELEN K JOY,Book Chapter, conference proceeding deep learning approach intra prediction high efficiency video coding  may ,Deep Learning
https://christuniversity.in/computer-science/faculty-details/NjgzNQ==/NjI=,Dr  HELEN K JOY,Book Chapter,additional informationtype bookconference proceedingstype workarticlesole authoredco authoredcoauthoredauthor name shelen k joymanjunath r kounteajin k joytitle bookconference preceeding international conference smart technology computing electrical electronics icstceetitle bookchapterarticlecase studydeep learning approach intra prediction high efficiency video codingmonthyearmayisbnpages publishing companyinstitutionieeeindexing agencyscopuslevelinternational publisher type book conference proceeding type work article sole authoredco authored coauthored author name helen k joymanjunath r kounteajin k joy title book conference preceeding international conference smart technology computing electrical electronics icstcee title bookchapterarticlecase study deep learning approach intra prediction high efficiency video coding monthyear may isbn  page  publishing companyinstitution ieee indexing agency scopus level international publisher,Deep Learning
https://christuniversity.in/computer-science/faculty-details/NjgzNQ==/NjI=,Dr  HELEN K JOY,Book Chapter,type book conference proceeding,No relevant subject found
https://christuniversity.in/computer-science/faculty-details/NjgzNQ==/NjI=,Dr  HELEN K JOY,Book Chapter,type work article,No relevant subject found
https://christuniversity.in/computer-science/faculty-details/NjgzNQ==/NjI=,Dr  HELEN K JOY,Book Chapter,sole authoredco authored coauthored,No relevant subject found
https://christuniversity.in/computer-science/faculty-details/NjgzNQ==/NjI=,Dr  HELEN K JOY,Book Chapter,author name helen k joymanjunath r kounteajin k joy,No relevant subject found
https://christuniversity.in/computer-science/faculty-details/NjgzNQ==/NjI=,Dr  HELEN K JOY,Book Chapter,title book conference preceeding international conference smart technology computing electrical electronics icstcee,No relevant subject found
https://christuniversity.in/computer-science/faculty-details/NjgzNQ==/NjI=,Dr  HELEN K JOY,Book Chapter,title bookchapterarticlecase study deep learning approach intra prediction high efficiency video coding,Deep Learning
https://christuniversity.in/computer-science/faculty-details/NjgzNQ==/NjI=,Dr  HELEN K JOY,Book Chapter,monthyear may,No relevant subject found
https://christuniversity.in/computer-science/faculty-details/NjgzNQ==/NjI=,Dr  HELEN K JOY,Book Chapter,isbn ,No relevant subject found
https://christuniversity.in/computer-science/faculty-details/NjgzNQ==/NjI=,Dr  HELEN K JOY,Book Chapter,page ,No relevant subject found
https://christuniversity.in/computer-science/faculty-details/NjgzNQ==/NjI=,Dr  HELEN K JOY,Book Chapter,publishing companyinstitution ieee,No relevant subject found
https://christuniversity.in/computer-science/faculty-details/NjgzNQ==/NjI=,Dr  HELEN K JOY,Book Chapter,indexing agency scopus,No relevant subject found
https://christuniversity.in/computer-science/faculty-details/NjgzNQ==/NjI=,Dr  HELEN K JOY,Book Chapter,level international publisher,No relevant subject found
https://christuniversity.in/computer-science/faculty-details/NjgzNQ==/NjI=,Dr  HELEN K JOY,Book Chapter, conference proceeding overview traditional recent trend video processing  nov ,No relevant subject found
https://christuniversity.in/computer-science/faculty-details/NjgzNQ==/NjI=,Dr  HELEN K JOY,Book Chapter,additional informationtype bookconference proceedingstype workarticlesole authoredco authoredcoauthoredauthor name shelen k joymanjunath r kountetitle bookconference preceeding international conference smart system inventive technology icssittitle bookchapterarticlecase studyan overview traditional recent trend video processingmonthyearnovisbnpages publishing companyinstitutionieeeindexing agencyscopuslevelinternational publisher type book conference proceeding type work article sole authoredco authored coauthored author name helen k joymanjunath r kounte title book conference preceeding international conference smart system inventive technology icssit title bookchapterarticlecase study overview traditional recent trend video processing monthyear nov isbn  page  publishing companyinstitution ieee indexing agency scopus level international publisher,No relevant subject found
https://christuniversity.in/computer-science/faculty-details/NjgzNQ==/NjI=,Dr  HELEN K JOY,Book Chapter,type book conference proceeding,No relevant subject found
https://christuniversity.in/computer-science/faculty-details/NjgzNQ==/NjI=,Dr  HELEN K JOY,Book Chapter,type work article,No relevant subject found
https://christuniversity.in/computer-science/faculty-details/NjgzNQ==/NjI=,Dr  HELEN K JOY,Book Chapter,sole authoredco authored coauthored,No relevant subject found
https://christuniversity.in/computer-science/faculty-details/NjgzNQ==/NjI=,Dr  HELEN K JOY,Book Chapter,author name helen k joymanjunath r kounte,No relevant subject found
https://christuniversity.in/computer-science/faculty-details/NjgzNQ==/NjI=,Dr  HELEN K JOY,Book Chapter,title book conference preceeding international conference smart system inventive technology icssit,No relevant subject found
https://christuniversity.in/computer-science/faculty-details/NjgzNQ==/NjI=,Dr  HELEN K JOY,Book Chapter,title bookchapterarticlecase study overview traditional recent trend video processing,No relevant subject found
https://christuniversity.in/computer-science/faculty-details/NjgzNQ==/NjI=,Dr  HELEN K JOY,Book Chapter,monthyear nov,No relevant subject found
https://christuniversity.in/computer-science/faculty-details/NjgzNQ==/NjI=,Dr  HELEN K JOY,Book Chapter,isbn ,No relevant subject found
https://christuniversity.in/computer-science/faculty-details/NjgzNQ==/NjI=,Dr  HELEN K JOY,Book Chapter,page ,No relevant subject found
https://christuniversity.in/computer-science/faculty-details/NjgzNQ==/NjI=,Dr  HELEN K JOY,Book Chapter,publishing companyinstitution ieee,No relevant subject found
https://christuniversity.in/computer-science/faculty-details/NjgzNQ==/NjI=,Dr  HELEN K JOY,Book Chapter,indexing agency scopus,No relevant subject found
https://christuniversity.in/computer-science/faculty-details/NjgzNQ==/NjI=,Dr  HELEN K JOY,Book Chapter,level international publisher,No relevant subject found
https://christuniversity.in/computer-science/faculty-details/NjgzNQ==/NjI=,Dr  HELEN K JOY,Book Chapter, conference proceeding novel approach biomedical web image super resolution  jun ,No relevant subject found
https://christuniversity.in/computer-science/faculty-details/NjgzNQ==/NjI=,Dr  HELEN K JOY,Book Chapter,additional informationtype bookconference proceedingstype workarticlesole authoredco authoredcoauthoredauthor name shelen k joysreejith l dastitle book international conference circuit power computing technology iccpcttitle bookchapterarticlecase studya novel approach biomedical web image super resolutionmonthyearjunisbnpagespublishing companyinstitutionieeeindexing agencyscopuslevelinternational publisher type book conference proceeding type work article sole authoredco authored coauthored author name helen k joysreejith l da title book international conference circuit power computing technology iccpct title bookchapterarticlecase study novel approach biomedical web image super resolution monthyear jun isbn  page  publishing companyinstitution ieee indexing agency scopus level international publisher,No relevant subject found
https://christuniversity.in/computer-science/faculty-details/NjgzNQ==/NjI=,Dr  HELEN K JOY,Book Chapter,type book conference proceeding,No relevant subject found
https://christuniversity.in/computer-science/faculty-details/NjgzNQ==/NjI=,Dr  HELEN K JOY,Book Chapter,type work article,No relevant subject found
https://christuniversity.in/computer-science/faculty-details/NjgzNQ==/NjI=,Dr  HELEN K JOY,Book Chapter,sole authoredco authored coauthored,No relevant subject found
https://christuniversity.in/computer-science/faculty-details/NjgzNQ==/NjI=,Dr  HELEN K JOY,Book Chapter,author name helen k joysreejith l da,No relevant subject found
https://christuniversity.in/computer-science/faculty-details/NjgzNQ==/NjI=,Dr  HELEN K JOY,Book Chapter,title book international conference circuit power computing technology iccpct,No relevant subject found
https://christuniversity.in/computer-science/faculty-details/NjgzNQ==/NjI=,Dr  HELEN K JOY,Book Chapter,title bookchapterarticlecase study novel approach biomedical web image super resolution,No relevant subject found
https://christuniversity.in/computer-science/faculty-details/NjgzNQ==/NjI=,Dr  HELEN K JOY,Book Chapter,monthyear jun,No relevant subject found
https://christuniversity.in/computer-science/faculty-details/NjgzNQ==/NjI=,Dr  HELEN K JOY,Book Chapter,isbn ,No relevant subject found
https://christuniversity.in/computer-science/faculty-details/NjgzNQ==/NjI=,Dr  HELEN K JOY,Book Chapter,page ,No relevant subject found
https://christuniversity.in/computer-science/faculty-details/NjgzNQ==/NjI=,Dr  HELEN K JOY,Book Chapter,publishing companyinstitution ieee,No relevant subject found
https://christuniversity.in/computer-science/faculty-details/NjgzNQ==/NjI=,Dr  HELEN K JOY,Book Chapter,indexing agency scopus,No relevant subject found
https://christuniversity.in/computer-science/faculty-details/NjgzNQ==/NjI=,Dr  HELEN K JOY,Book Chapter,level international publisher,No relevant subject found
https://christuniversity.in/computer-science/faculty-details/NjgyOA==/NjI=,Dr  SRIDEVI R,Articles in Journals,slno title name journal date publication volume noissue nopage ,No relevant subject found
https://christuniversity.in/computer-science/faculty-details/NjgyOA==/NjI=,Dr  SRIDEVI R,Articles in Journals, design automatic follicle detection ovarian classification system ultrasound ovarian image multimedia tool application dec  ,No relevant subject found
https://christuniversity.in/computer-science/faculty-details/NjgyOA==/NjI=,Dr  SRIDEVI R,Articles in Journals,additional informationcategoryarticle research journalsole authored co authoredcoauthorauthor name ssridevi rsaranya rtitle articledesign automatic follicle detection ovarian classification system ultrasound ovarian imagesname journalmultimedia tool applicationsvolume noissue nopage nourlhttpslinkspringercomjournalindexing agencyscopusdate publicationdec category article research journal sole authored co authored coauthor author name sridevi rsaranya r title article design automatic follicle detection ovarian classification system ultrasound ovarian image name journal multimedia tool application volume  issue  page  url httpslinkspringercomjournal indexing agency scopus date publication dec,No relevant subject found
https://christuniversity.in/computer-science/faculty-details/NjgyOA==/NjI=,Dr  SRIDEVI R,Articles in Journals,category article research journal,No relevant subject found
https://christuniversity.in/computer-science/faculty-details/NjgyOA==/NjI=,Dr  SRIDEVI R,Articles in Journals,sole authored co authored coauthor,No relevant subject found
https://christuniversity.in/computer-science/faculty-details/NjgyOA==/NjI=,Dr  SRIDEVI R,Articles in Journals,author name sridevi rsaranya r,No relevant subject found
https://christuniversity.in/computer-science/faculty-details/NjgyOA==/NjI=,Dr  SRIDEVI R,Articles in Journals,title article design automatic follicle detection ovarian classification system ultrasound ovarian image,No relevant subject found
https://christuniversity.in/computer-science/faculty-details/NjgyOA==/NjI=,Dr  SRIDEVI R,Articles in Journals,name journal multimedia tool application,No relevant subject found
https://christuniversity.in/computer-science/faculty-details/NjgyOA==/NjI=,Dr  SRIDEVI R,Articles in Journals,volume ,No relevant subject found
https://christuniversity.in/computer-science/faculty-details/NjgyOA==/NjI=,Dr  SRIDEVI R,Articles in Journals,issue ,No relevant subject found
https://christuniversity.in/computer-science/faculty-details/NjgyOA==/NjI=,Dr  SRIDEVI R,Articles in Journals,page ,No relevant subject found
https://christuniversity.in/computer-science/faculty-details/NjgyOA==/NjI=,Dr  SRIDEVI R,Articles in Journals,url httpslinkspringercomjournal,No relevant subject found
https://christuniversity.in/computer-science/faculty-details/NjgyOA==/NjI=,Dr  SRIDEVI R,Articles in Journals,indexing agency scopus,No relevant subject found
https://christuniversity.in/computer-science/faculty-details/NjgyOA==/NjI=,Dr  SRIDEVI R,Articles in Journals,date publication dec,No relevant subject found
https://christuniversity.in/computer-science/faculty-details/NjgyOA==/NjI=,Dr  SRIDEVI R,Articles in Journals, machine learning deep learning analysis vehicle carbon footprint international journal environmental impact jun  ,"Machine Learning, Deep Learning"
https://christuniversity.in/computer-science/faculty-details/NjgyOA==/NjI=,Dr  SRIDEVI R,Articles in Journals,additional informationcategoryarticle research journalsole authored co authoredcoauthorauthor name ssridevi rdhyan rhelen k joy electa alice jayarani avanusha dtitle articlemachine learning deep learning analysis vehicle carbon footprintname journalinternational journal environmental impactsvolume noissue nopage nourlhttpswwwiietaorgjournalsijeiindexing agencyscopusdate publicationjun category article research journal sole authored co authored coauthor author name sridevi rdhyan rhelen k joy electa alice jayarani avanusha title article machine learning deep learning analysis vehicle carbon footprint name journal international journal environmental impact volume  issue  page  url httpswwwiietaorgjournalsijei indexing agency scopus date publication jun,"Machine Learning, Deep Learning"
https://christuniversity.in/computer-science/faculty-details/NjgyOA==/NjI=,Dr  SRIDEVI R,Articles in Journals,category article research journal,No relevant subject found
https://christuniversity.in/computer-science/faculty-details/NjgyOA==/NjI=,Dr  SRIDEVI R,Articles in Journals,sole authored co authored coauthor,No relevant subject found
https://christuniversity.in/computer-science/faculty-details/NjgyOA==/NjI=,Dr  SRIDEVI R,Articles in Journals,author name sridevi rdhyan rhelen k joy electa alice jayarani avanusha,No relevant subject found
https://christuniversity.in/computer-science/faculty-details/NjgyOA==/NjI=,Dr  SRIDEVI R,Articles in Journals,title article machine learning deep learning analysis vehicle carbon footprint,"Machine Learning, Deep Learning"
https://christuniversity.in/computer-science/faculty-details/NjgyOA==/NjI=,Dr  SRIDEVI R,Articles in Journals,name journal international journal environmental impact,No relevant subject found
https://christuniversity.in/computer-science/faculty-details/NjgyOA==/NjI=,Dr  SRIDEVI R,Articles in Journals,volume ,No relevant subject found
https://christuniversity.in/computer-science/faculty-details/NjgyOA==/NjI=,Dr  SRIDEVI R,Articles in Journals,issue ,No relevant subject found
https://christuniversity.in/computer-science/faculty-details/NjgyOA==/NjI=,Dr  SRIDEVI R,Articles in Journals,page ,No relevant subject found
https://christuniversity.in/computer-science/faculty-details/NjgyOA==/NjI=,Dr  SRIDEVI R,Articles in Journals,url httpswwwiietaorgjournalsijei,No relevant subject found
https://christuniversity.in/computer-science/faculty-details/NjgyOA==/NjI=,Dr  SRIDEVI R,Articles in Journals,indexing agency scopus,No relevant subject found
https://christuniversity.in/computer-science/faculty-details/NjgyOA==/NjI=,Dr  SRIDEVI R,Articles in Journals,date publication jun,No relevant subject found
https://christuniversity.in/computer-science/faculty-details/NjgyOA==/NjI=,Dr  SRIDEVI R,Articles in Journals, efficient bird specie classification deep learning approach indian journal natural science jun  ,Deep Learning
https://christuniversity.in/computer-science/faculty-details/NjgyOA==/NjI=,Dr  SRIDEVI R,Articles in Journals,additional informationcategoryarticle research journalsole authored co authoredcoauthorauthor name shelen k joysridevi relacta alice jayaranifabiola hazel pohrmentitle articleefficient bird specie classification deep learning approachname journalindian journal natural sciencesvolume noissue nopage nourlhttpswwwwebofsciencecomwosauthorrecordlsmindexing agencyweb sciencedate publicationjun category article research journal sole authored co authored coauthor author name helen k joysridevi relacta alice jayaranifabiola hazel pohrmen title article efficient bird specie classification deep learning approach name journal indian journal natural science volume  issue  page  url httpswwwwebofsciencecomwosauthorrecordlsm indexing agency web science date publication jun,Deep Learning
https://christuniversity.in/computer-science/faculty-details/NjgyOA==/NjI=,Dr  SRIDEVI R,Articles in Journals,category article research journal,No relevant subject found
https://christuniversity.in/computer-science/faculty-details/NjgyOA==/NjI=,Dr  SRIDEVI R,Articles in Journals,sole authored co authored coauthor,No relevant subject found
https://christuniversity.in/computer-science/faculty-details/NjgyOA==/NjI=,Dr  SRIDEVI R,Articles in Journals,author name helen k joysridevi relacta alice jayaranifabiola hazel pohrmen,No relevant subject found
https://christuniversity.in/computer-science/faculty-details/NjgyOA==/NjI=,Dr  SRIDEVI R,Articles in Journals,title article efficient bird specie classification deep learning approach,Deep Learning
https://christuniversity.in/computer-science/faculty-details/NjgyOA==/NjI=,Dr  SRIDEVI R,Articles in Journals,name journal indian journal natural science,No relevant subject found
https://christuniversity.in/computer-science/faculty-details/NjgyOA==/NjI=,Dr  SRIDEVI R,Articles in Journals,volume ,No relevant subject found
https://christuniversity.in/computer-science/faculty-details/NjgyOA==/NjI=,Dr  SRIDEVI R,Articles in Journals,issue ,No relevant subject found
https://christuniversity.in/computer-science/faculty-details/NjgyOA==/NjI=,Dr  SRIDEVI R,Articles in Journals,page ,No relevant subject found
https://christuniversity.in/computer-science/faculty-details/NjgyOA==/NjI=,Dr  SRIDEVI R,Articles in Journals,url httpswwwwebofsciencecomwosauthorrecordlsm,No relevant subject found
https://christuniversity.in/computer-science/faculty-details/NjgyOA==/NjI=,Dr  SRIDEVI R,Articles in Journals,indexing agency web science,No relevant subject found
https://christuniversity.in/computer-science/faculty-details/NjgyOA==/NjI=,Dr  SRIDEVI R,Articles in Journals,date publication jun,No relevant subject found
https://christuniversity.in/computer-science/faculty-details/NjgyOA==/NjI=,Dr  SRIDEVI R,Articles in Journals, multivalued neutrosophic convolutional lstm intrusion detection international journal intelligent engineering system jul  ,No relevant subject found
https://christuniversity.in/computer-science/faculty-details/NjgyOA==/NjI=,Dr  SRIDEVI R,Articles in Journals,additional informationcategoryarticle research journalsole authored co authoredcoauthorauthor name ssridevi rveni chinnasamytitle articlemultivalued neutrosophic convolutional lstm intrusion detectionname journalinternational journal intelligent engineering systemsvolume noissue nopage nourlhttpsinassorgpublicationsindexing agencyscopusdate publicationjul category article research journal sole authored co authored coauthor author name sridevi rveni chinnasamy title article multivalued neutrosophic convolutional lstm intrusion detection name journal international journal intelligent engineering system volume  issue  page  url httpsinassorgpublications indexing agency scopus date publication jul,No relevant subject found
https://christuniversity.in/computer-science/faculty-details/NjgyOA==/NjI=,Dr  SRIDEVI R,Articles in Journals,category article research journal,No relevant subject found
https://christuniversity.in/computer-science/faculty-details/NjgyOA==/NjI=,Dr  SRIDEVI R,Articles in Journals,sole authored co authored coauthor,No relevant subject found
https://christuniversity.in/computer-science/faculty-details/NjgyOA==/NjI=,Dr  SRIDEVI R,Articles in Journals,author name sridevi rveni chinnasamy,No relevant subject found
https://christuniversity.in/computer-science/faculty-details/NjgyOA==/NjI=,Dr  SRIDEVI R,Articles in Journals,title article multivalued neutrosophic convolutional lstm intrusion detection,No relevant subject found
https://christuniversity.in/computer-science/faculty-details/NjgyOA==/NjI=,Dr  SRIDEVI R,Articles in Journals,name journal international journal intelligent engineering system,No relevant subject found
https://christuniversity.in/computer-science/faculty-details/NjgyOA==/NjI=,Dr  SRIDEVI R,Articles in Journals,volume ,No relevant subject found
https://christuniversity.in/computer-science/faculty-details/NjgyOA==/NjI=,Dr  SRIDEVI R,Articles in Journals,issue ,No relevant subject found
https://christuniversity.in/computer-science/faculty-details/NjgyOA==/NjI=,Dr  SRIDEVI R,Articles in Journals,page ,No relevant subject found
https://christuniversity.in/computer-science/faculty-details/NjgyOA==/NjI=,Dr  SRIDEVI R,Articles in Journals,url httpsinassorgpublications,No relevant subject found
https://christuniversity.in/computer-science/faculty-details/NjgyOA==/NjI=,Dr  SRIDEVI R,Articles in Journals,indexing agency scopus,No relevant subject found
https://christuniversity.in/computer-science/faculty-details/NjgyOA==/NjI=,Dr  SRIDEVI R,Articles in Journals,date publication jul,No relevant subject found
https://christuniversity.in/computer-science/faculty-details/NjgyOA==/NjI=,Dr  SRIDEVI R,Articles in Journals, breast cancer classification using natureinspired algorithm international journal recent technology engineering ijrte sep  ,No relevant subject found
https://christuniversity.in/computer-science/faculty-details/NjgyOA==/NjI=,Dr  SRIDEVI R,Articles in Journals,additional informationcategoryarticle research journalsole authored co authoredcoauthorauthor name ssridevi rdaphy louis loveniaezhilin jemima dnathaniel christopherselvi stitle articlebreast cancer classification using natureinspired algorithmname journalthe international journal recent technology engineering ijrtevolume noissue nopage nourlindexing agencyscopusdate publicationsep category article research journal sole authored co authored coauthor author name sridevi rdaphy louis loveniaezhilin jemima dnathaniel christopherselvi title article breast cancer classification using natureinspired algorithm name journal international journal recent technology engineering ijrte volume  issue  page  url  indexing agency scopus date publication sep,No relevant subject found
https://christuniversity.in/computer-science/faculty-details/NjgyOA==/NjI=,Dr  SRIDEVI R,Articles in Journals,category article research journal,No relevant subject found
https://christuniversity.in/computer-science/faculty-details/NjgyOA==/NjI=,Dr  SRIDEVI R,Articles in Journals,sole authored co authored coauthor,No relevant subject found
https://christuniversity.in/computer-science/faculty-details/NjgyOA==/NjI=,Dr  SRIDEVI R,Articles in Journals,author name sridevi rdaphy louis loveniaezhilin jemima dnathaniel christopherselvi,No relevant subject found
https://christuniversity.in/computer-science/faculty-details/NjgyOA==/NjI=,Dr  SRIDEVI R,Articles in Journals,title article breast cancer classification using natureinspired algorithm,No relevant subject found
https://christuniversity.in/computer-science/faculty-details/NjgyOA==/NjI=,Dr  SRIDEVI R,Articles in Journals,name journal international journal recent technology engineering ijrte,No relevant subject found
https://christuniversity.in/computer-science/faculty-details/NjgyOA==/NjI=,Dr  SRIDEVI R,Articles in Journals,volume ,No relevant subject found
https://christuniversity.in/computer-science/faculty-details/NjgyOA==/NjI=,Dr  SRIDEVI R,Articles in Journals,issue ,No relevant subject found
https://christuniversity.in/computer-science/faculty-details/NjgyOA==/NjI=,Dr  SRIDEVI R,Articles in Journals,page ,No relevant subject found
https://christuniversity.in/computer-science/faculty-details/NjgyOA==/NjI=,Dr  SRIDEVI R,Articles in Journals,url ,No relevant subject found
https://christuniversity.in/computer-science/faculty-details/NjgyOA==/NjI=,Dr  SRIDEVI R,Articles in Journals,indexing agency scopus,No relevant subject found
https://christuniversity.in/computer-science/faculty-details/NjgyOA==/NjI=,Dr  SRIDEVI R,Articles in Journals,date publication sep,No relevant subject found
https://christuniversity.in/computer-science/faculty-details/NjgyOA==/NjI=,Dr  SRIDEVI R,Articles in Journals, efficient scheduling mechanism secured cloud data environment international journal recent technology engineering ijrte sep  ,No relevant subject found
https://christuniversity.in/computer-science/faculty-details/NjgyOA==/NjI=,Dr  SRIDEVI R,Articles in Journals,additional informationcategoryarticle research journalsole authored co authoredcoauthorauthor name ssridevi rdrsselvititle articleefficient scheduling mechanism secured cloud data environmentname journalinternational journal recent technology engineering ijrtevolume noissue nospage nourlhttpswwwijrteorgindexing agencyscopusdate publicationsep category article research journal sole authored co authored coauthor author name sridevi rdrsselvi title article efficient scheduling mechanism secured cloud data environment name journal international journal recent technology engineering ijrte volume  issue  page  url httpswwwijrteorg indexing agency scopus date publication sep,No relevant subject found
https://christuniversity.in/computer-science/faculty-details/NjgyOA==/NjI=,Dr  SRIDEVI R,Articles in Journals,category article research journal,No relevant subject found
https://christuniversity.in/computer-science/faculty-details/NjgyOA==/NjI=,Dr  SRIDEVI R,Articles in Journals,sole authored co authored coauthor,No relevant subject found
https://christuniversity.in/computer-science/faculty-details/NjgyOA==/NjI=,Dr  SRIDEVI R,Articles in Journals,author name sridevi rdrsselvi,No relevant subject found
https://christuniversity.in/computer-science/faculty-details/NjgyOA==/NjI=,Dr  SRIDEVI R,Articles in Journals,title article efficient scheduling mechanism secured cloud data environment,No relevant subject found
https://christuniversity.in/computer-science/faculty-details/NjgyOA==/NjI=,Dr  SRIDEVI R,Articles in Journals,name journal international journal recent technology engineering ijrte,No relevant subject found
https://christuniversity.in/computer-science/faculty-details/NjgyOA==/NjI=,Dr  SRIDEVI R,Articles in Journals,volume ,No relevant subject found
https://christuniversity.in/computer-science/faculty-details/NjgyOA==/NjI=,Dr  SRIDEVI R,Articles in Journals,issue ,No relevant subject found
https://christuniversity.in/computer-science/faculty-details/NjgyOA==/NjI=,Dr  SRIDEVI R,Articles in Journals,page ,No relevant subject found
https://christuniversity.in/computer-science/faculty-details/NjgyOA==/NjI=,Dr  SRIDEVI R,Articles in Journals,url httpswwwijrteorg,No relevant subject found
https://christuniversity.in/computer-science/faculty-details/NjgyOA==/NjI=,Dr  SRIDEVI R,Articles in Journals,indexing agency scopus,No relevant subject found
https://christuniversity.in/computer-science/faculty-details/NjgyOA==/NjI=,Dr  SRIDEVI R,Articles in Journals,date publication sep,No relevant subject found
https://christuniversity.in/computer-science/faculty-details/NjgyOA==/NjI=,Dr  SRIDEVI R,Articles in Journals, progressing biometric security concern blowfish algorithm international journal innovative technology exploring engineering ijitee jul  ,No relevant subject found
https://christuniversity.in/computer-science/faculty-details/NjgyOA==/NjI=,Dr  SRIDEVI R,Articles in Journals,additional informationcategoryarticle research journalsole authored co authoredcoauthorauthor name ssridevi rdrsselvititle articleprogressing biometric security concern blowfish algorithmname journalinternational journal innovative technology exploring engineering ijiteevolume noissue nospage nourlhttpswwwijiteeorgindexing agencyscopusdate publicationjul category article research journal sole authored co authored coauthor author name sridevi rdrsselvi title article progressing biometric security concern blowfish algorithm name journal international journal innovative technology exploring engineering ijitee volume  issue  page  url httpswwwijiteeorg indexing agency scopus date publication jul,No relevant subject found
https://christuniversity.in/computer-science/faculty-details/NjgyOA==/NjI=,Dr  SRIDEVI R,Articles in Journals,category article research journal,No relevant subject found
https://christuniversity.in/computer-science/faculty-details/NjgyOA==/NjI=,Dr  SRIDEVI R,Articles in Journals,sole authored co authored coauthor,No relevant subject found
https://christuniversity.in/computer-science/faculty-details/NjgyOA==/NjI=,Dr  SRIDEVI R,Articles in Journals,author name sridevi rdrsselvi,No relevant subject found
https://christuniversity.in/computer-science/faculty-details/NjgyOA==/NjI=,Dr  SRIDEVI R,Articles in Journals,title article progressing biometric security concern blowfish algorithm,No relevant subject found
https://christuniversity.in/computer-science/faculty-details/NjgyOA==/NjI=,Dr  SRIDEVI R,Articles in Journals,name journal international journal innovative technology exploring engineering ijitee,No relevant subject found
https://christuniversity.in/computer-science/faculty-details/NjgyOA==/NjI=,Dr  SRIDEVI R,Articles in Journals,volume ,No relevant subject found
https://christuniversity.in/computer-science/faculty-details/NjgyOA==/NjI=,Dr  SRIDEVI R,Articles in Journals,issue ,No relevant subject found
https://christuniversity.in/computer-science/faculty-details/NjgyOA==/NjI=,Dr  SRIDEVI R,Articles in Journals,page ,No relevant subject found
https://christuniversity.in/computer-science/faculty-details/NjgyOA==/NjI=,Dr  SRIDEVI R,Articles in Journals,url httpswwwijiteeorg,No relevant subject found
https://christuniversity.in/computer-science/faculty-details/NjgyOA==/NjI=,Dr  SRIDEVI R,Articles in Journals,indexing agency scopus,No relevant subject found
https://christuniversity.in/computer-science/faculty-details/NjgyOA==/NjI=,Dr  SRIDEVI R,Articles in Journals,date publication jul,No relevant subject found
https://christuniversity.in/computer-science/faculty-details/NjgyOA==/NjI=,Dr  SRIDEVI R,Book Chapter,slno type book title chapterarticle isbn month year ,No relevant subject found
https://christuniversity.in/computer-science/faculty-details/NjgyOA==/NjI=,Dr  SRIDEVI R,Book Chapter, conference proceeding novel approach machine reading comprehension using bertbased large language model  jul ,No relevant subject found
https://christuniversity.in/computer-science/faculty-details/NjgyOA==/NjI=,Dr  SRIDEVI R,Book Chapter,additional informationtype bookconference proceedingstype workarticlesole authoredco authoredcoauthoredauthor name snisha varghesegobi rhelen k joysridevi rcynthia trajesh kanna rieeetitle bookproceedings conecct th ieee international conference electronics computing communication technologiestitle bookchapterarticlecase studya novel approach machine reading comprehension using bertbased large language modelsmonthyearjulisbnpages publishing companyinstitutionieee exploreindexing agencyscopuslevelinternational publisher type book conference proceeding type work article sole authoredco authored coauthored author name nisha varghesegobi rhelen k joysridevi rcynthia trajesh kanna rieee title book proceeding conecct th ieee international conference electronics computing communication technology title bookchapterarticlecase study novel approach machine reading comprehension using bertbased large language model monthyear jul isbn  page  publishing companyinstitution ieee explore indexing agency scopus level international publisher,No relevant subject found
https://christuniversity.in/computer-science/faculty-details/NjgyOA==/NjI=,Dr  SRIDEVI R,Book Chapter,type book conference proceeding,No relevant subject found
https://christuniversity.in/computer-science/faculty-details/NjgyOA==/NjI=,Dr  SRIDEVI R,Book Chapter,type work article,No relevant subject found
https://christuniversity.in/computer-science/faculty-details/NjgyOA==/NjI=,Dr  SRIDEVI R,Book Chapter,sole authoredco authored coauthored,No relevant subject found
https://christuniversity.in/computer-science/faculty-details/NjgyOA==/NjI=,Dr  SRIDEVI R,Book Chapter,author name nisha varghesegobi rhelen k joysridevi rcynthia trajesh kanna rieee,No relevant subject found
https://christuniversity.in/computer-science/faculty-details/NjgyOA==/NjI=,Dr  SRIDEVI R,Book Chapter,title book proceeding conecct th ieee international conference electronics computing communication technology,No relevant subject found
https://christuniversity.in/computer-science/faculty-details/NjgyOA==/NjI=,Dr  SRIDEVI R,Book Chapter,title bookchapterarticlecase study novel approach machine reading comprehension using bertbased large language model,No relevant subject found
https://christuniversity.in/computer-science/faculty-details/NjgyOA==/NjI=,Dr  SRIDEVI R,Book Chapter,monthyear jul,No relevant subject found
https://christuniversity.in/computer-science/faculty-details/NjgyOA==/NjI=,Dr  SRIDEVI R,Book Chapter,isbn ,No relevant subject found
https://christuniversity.in/computer-science/faculty-details/NjgyOA==/NjI=,Dr  SRIDEVI R,Book Chapter,page ,No relevant subject found
https://christuniversity.in/computer-science/faculty-details/NjgyOA==/NjI=,Dr  SRIDEVI R,Book Chapter,publishing companyinstitution ieee explore,No relevant subject found
https://christuniversity.in/computer-science/faculty-details/NjgyOA==/NjI=,Dr  SRIDEVI R,Book Chapter,indexing agency scopus,No relevant subject found
https://christuniversity.in/computer-science/faculty-details/NjgyOA==/NjI=,Dr  SRIDEVI R,Book Chapter,level international publisher,No relevant subject found
https://christuniversity.in/computer-science/faculty-details/NjgyOA==/NjI=,Dr  SRIDEVI R,Book Chapter, conference proceeding analysis manufacturing machine failure optimization using replacement year prediction  may ,No relevant subject found
https://christuniversity.in/computer-science/faculty-details/NjgyOA==/NjI=,Dr  SRIDEVI R,Book Chapter,additional informationtype bookconference proceedingstype workarticlesole authoredco authoredcoauthoredauthor name ssridevi rsaranya rsneha mjoseph varghese samiksha shuklahiroki sayamadurgesh kumar mishratitle booklecture note network system lnnsvolume title bookchapterarticlecase studyan analysis manufacturing machine failure optimization using replacement year predictionmonthyearmayisbnpagespublishing companyinstitutionspringer nature singaporeindexing agencyscopuslevelinternational publisher type book conference proceeding type work article sole authoredco authored coauthored author name sridevi rsaranya rsneha mjoseph varghese samiksha shuklahiroki sayamadurgesh kumar mishra title book lecture note network system lnnsvolume title bookchapterarticlecase study analysis manufacturing machine failure optimization using replacement year prediction monthyear may isbn  page  publishing companyinstitution springer nature singapore indexing agency scopus level international publisher,No relevant subject found
https://christuniversity.in/computer-science/faculty-details/NjgyOA==/NjI=,Dr  SRIDEVI R,Book Chapter,type book conference proceeding,No relevant subject found
https://christuniversity.in/computer-science/faculty-details/NjgyOA==/NjI=,Dr  SRIDEVI R,Book Chapter,type work article,No relevant subject found
https://christuniversity.in/computer-science/faculty-details/NjgyOA==/NjI=,Dr  SRIDEVI R,Book Chapter,sole authoredco authored coauthored,No relevant subject found
https://christuniversity.in/computer-science/faculty-details/NjgyOA==/NjI=,Dr  SRIDEVI R,Book Chapter,author name sridevi rsaranya rsneha mjoseph varghese samiksha shuklahiroki sayamadurgesh kumar mishra,No relevant subject found
https://christuniversity.in/computer-science/faculty-details/NjgyOA==/NjI=,Dr  SRIDEVI R,Book Chapter,title book lecture note network system lnnsvolume,No relevant subject found
https://christuniversity.in/computer-science/faculty-details/NjgyOA==/NjI=,Dr  SRIDEVI R,Book Chapter,title bookchapterarticlecase study analysis manufacturing machine failure optimization using replacement year prediction,No relevant subject found
https://christuniversity.in/computer-science/faculty-details/NjgyOA==/NjI=,Dr  SRIDEVI R,Book Chapter,monthyear may,No relevant subject found
https://christuniversity.in/computer-science/faculty-details/NjgyOA==/NjI=,Dr  SRIDEVI R,Book Chapter,isbn ,No relevant subject found
https://christuniversity.in/computer-science/faculty-details/NjgyOA==/NjI=,Dr  SRIDEVI R,Book Chapter,page ,No relevant subject found
https://christuniversity.in/computer-science/faculty-details/NjgyOA==/NjI=,Dr  SRIDEVI R,Book Chapter,publishing companyinstitution springer nature singapore,No relevant subject found
https://christuniversity.in/computer-science/faculty-details/NjgyOA==/NjI=,Dr  SRIDEVI R,Book Chapter,indexing agency scopus,No relevant subject found
https://christuniversity.in/computer-science/faculty-details/NjgyOA==/NjI=,Dr  SRIDEVI R,Book Chapter,level international publisher,No relevant subject found
https://christuniversity.in/computer-science/faculty-details/NjgyOA==/NjI=,Dr  SRIDEVI R,Book Chapter, conference proceeding customer identification healthcare using iot based multimedia traffic categorization method  jul ,IoT
https://christuniversity.in/computer-science/faculty-details/NjgyOA==/NjI=,Dr  SRIDEVI R,Book Chapter,additional informationtype bookconference proceedingstype workarticlesole authoredco authoredcoauthoredauthor name ssridevi rpraveena nuthakkisreeja vijaysaroj kumar nanda arulananthamrthandaiah prabhuprof dr subarna shakyadr joy iong zong chendr smystitle bookconference proceeding ieee th international conference inventive computation technologiestitle bookchapterarticlecase studycustomer identification healthcare using iot based multimedia traffic categorization methodmonthyearjulisbnpages publishing companyinstitutiontribhuvan university pulchowk campus lalitpurindexing agencyscopuslevelinternational publisher type book conference proceeding type work article sole authoredco authored coauthored author name sridevi rpraveena nuthakkisreeja vijaysaroj kumar nanda arulananthamrthandaiah prabhuprof dr subarna shakyadr joy iong zong chendr smys title book conference proceeding ieee th international conference inventive computation technology title bookchapterarticlecase study customer identification healthcare using iot based multimedia traffic categorization method monthyear jul isbn  page  publishing companyinstitution tribhuvan university pulchowk campus lalitpur indexing agency scopus level international publisher,IoT
https://christuniversity.in/computer-science/faculty-details/NjgyOA==/NjI=,Dr  SRIDEVI R,Book Chapter,type book conference proceeding,No relevant subject found
https://christuniversity.in/computer-science/faculty-details/NjgyOA==/NjI=,Dr  SRIDEVI R,Book Chapter,type work article,No relevant subject found
https://christuniversity.in/computer-science/faculty-details/NjgyOA==/NjI=,Dr  SRIDEVI R,Book Chapter,sole authoredco authored coauthored,No relevant subject found
https://christuniversity.in/computer-science/faculty-details/NjgyOA==/NjI=,Dr  SRIDEVI R,Book Chapter,author name sridevi rpraveena nuthakkisreeja vijaysaroj kumar nanda arulananthamrthandaiah prabhuprof dr subarna shakyadr joy iong zong chendr smys,No relevant subject found
https://christuniversity.in/computer-science/faculty-details/NjgyOA==/NjI=,Dr  SRIDEVI R,Book Chapter,title book conference proceeding ieee th international conference inventive computation technology,No relevant subject found
https://christuniversity.in/computer-science/faculty-details/NjgyOA==/NjI=,Dr  SRIDEVI R,Book Chapter,title bookchapterarticlecase study customer identification healthcare using iot based multimedia traffic categorization method,IoT
https://christuniversity.in/computer-science/faculty-details/NjgyOA==/NjI=,Dr  SRIDEVI R,Book Chapter,monthyear jul,No relevant subject found
https://christuniversity.in/computer-science/faculty-details/NjgyOA==/NjI=,Dr  SRIDEVI R,Book Chapter,isbn ,No relevant subject found
https://christuniversity.in/computer-science/faculty-details/NjgyOA==/NjI=,Dr  SRIDEVI R,Book Chapter,page ,No relevant subject found
https://christuniversity.in/computer-science/faculty-details/NjgyOA==/NjI=,Dr  SRIDEVI R,Book Chapter,publishing companyinstitution tribhuvan university pulchowk campus lalitpur,No relevant subject found
https://christuniversity.in/computer-science/faculty-details/NjgyOA==/NjI=,Dr  SRIDEVI R,Book Chapter,indexing agency scopus,No relevant subject found
https://christuniversity.in/computer-science/faculty-details/NjgyOA==/NjI=,Dr  SRIDEVI R,Book Chapter,level international publisher,No relevant subject found
https://christuniversity.in/computer-science/faculty-details/NjgzOQ==/NjI=,Dr  CYNTHIA T,Articles in Journals,slno title name journal date publication volume noissue nopage ,No relevant subject found
https://christuniversity.in/computer-science/faculty-details/NjgzOQ==/NjI=,Dr  CYNTHIA T,Articles in Journals, refined latent semantic analysis lsa technique improve accuracy agriculture data mobile cloud computing mcc international journal control theory application jul  ,Cloud Computing
https://christuniversity.in/computer-science/faculty-details/NjgzOQ==/NjI=,Dr  CYNTHIA T,Articles in Journals,additional informationcategoryarticle research journalsole authored co authoredcoauthorauthor name scynthia tpcalduwel newtontitle articlea refined latent semantic analysis lsa technique improve accuracy agriculture data mobile cloud computing mccname journalinternational journal control theory applicationsvolume noissue nopage nourlhttpsserialsjournalscomindexphprouteproductproductvolumearticleissueidproductidindexing agencyscopusdate publicationjul category article research journal sole authored co authored coauthor author name cynthia tpcalduwel newton title article refined latent semantic analysis lsa technique improve accuracy agriculture data mobile cloud computing mcc name journal international journal control theory application volume  issue  page  url httpsserialsjournalscomindexphprouteproductproductvolumearticleissueidproductid indexing agency scopus date publication jul,Cloud Computing
https://christuniversity.in/computer-science/faculty-details/NjgzOQ==/NjI=,Dr  CYNTHIA T,Articles in Journals,category article research journal,No relevant subject found
https://christuniversity.in/computer-science/faculty-details/NjgzOQ==/NjI=,Dr  CYNTHIA T,Articles in Journals,sole authored co authored coauthor,No relevant subject found
https://christuniversity.in/computer-science/faculty-details/NjgzOQ==/NjI=,Dr  CYNTHIA T,Articles in Journals,author name cynthia tpcalduwel newton,No relevant subject found
https://christuniversity.in/computer-science/faculty-details/NjgzOQ==/NjI=,Dr  CYNTHIA T,Articles in Journals,title article refined latent semantic analysis lsa technique improve accuracy agriculture data mobile cloud computing mcc,Cloud Computing
https://christuniversity.in/computer-science/faculty-details/NjgzOQ==/NjI=,Dr  CYNTHIA T,Articles in Journals,name journal international journal control theory application,No relevant subject found
https://christuniversity.in/computer-science/faculty-details/NjgzOQ==/NjI=,Dr  CYNTHIA T,Articles in Journals,volume ,No relevant subject found
https://christuniversity.in/computer-science/faculty-details/NjgzOQ==/NjI=,Dr  CYNTHIA T,Articles in Journals,issue ,No relevant subject found
https://christuniversity.in/computer-science/faculty-details/NjgzOQ==/NjI=,Dr  CYNTHIA T,Articles in Journals,page ,No relevant subject found
https://christuniversity.in/computer-science/faculty-details/NjgzOQ==/NjI=,Dr  CYNTHIA T,Articles in Journals,url httpsserialsjournalscomindexphprouteproductproductvolumearticleissueidproductid,No relevant subject found
https://christuniversity.in/computer-science/faculty-details/NjgzOQ==/NjI=,Dr  CYNTHIA T,Articles in Journals,indexing agency scopus,No relevant subject found
https://christuniversity.in/computer-science/faculty-details/NjgzOQ==/NjI=,Dr  CYNTHIA T,Articles in Journals,date publication jul,No relevant subject found
https://christuniversity.in/computer-science/faculty-details/NjgzOQ==/NjI=,Dr  CYNTHIA T,Book Chapter,slno type book title chapterarticle isbn month year ,No relevant subject found
https://christuniversity.in/computer-science/faculty-details/NjgzOQ==/NjI=,Dr  CYNTHIA T,Book Chapter, conference proceeding quality service study downlink scheduling algorithm mobile network  jul ,No relevant subject found
https://christuniversity.in/computer-science/faculty-details/NjgzOQ==/NjI=,Dr  CYNTHIA T,Book Chapter,additional informationtype bookconference proceedingstype workchaptersole authoredco authoredcoauthoredauthor name snismon rio rramkumar krishnamoorthys nagarajcecil donald asuresh kcynthia tnatitle booklecture note network systemstitle bookchapterarticlecase studya quality service study downlink scheduling algorithm mobile networksmonthyearjulisbnpages publishing companyinstitutionspringerindexing agencyscopuslevelinternational publisher type book conference proceeding type work chapter sole authoredco authored coauthored author name nismon rio rramkumar krishnamoorthys nagarajcecil donald asuresh kcynthia tna title book lecture note network system title bookchapterarticlecase study quality service study downlink scheduling algorithm mobile network monthyear jul isbn  page  publishing companyinstitution springer indexing agency scopus level international publisher,No relevant subject found
https://christuniversity.in/computer-science/faculty-details/NjgzOQ==/NjI=,Dr  CYNTHIA T,Book Chapter,type book conference proceeding,No relevant subject found
https://christuniversity.in/computer-science/faculty-details/NjgzOQ==/NjI=,Dr  CYNTHIA T,Book Chapter,type work chapter,No relevant subject found
https://christuniversity.in/computer-science/faculty-details/NjgzOQ==/NjI=,Dr  CYNTHIA T,Book Chapter,sole authoredco authored coauthored,No relevant subject found
https://christuniversity.in/computer-science/faculty-details/NjgzOQ==/NjI=,Dr  CYNTHIA T,Book Chapter,author name nismon rio rramkumar krishnamoorthys nagarajcecil donald asuresh kcynthia tna,No relevant subject found
https://christuniversity.in/computer-science/faculty-details/NjgzOQ==/NjI=,Dr  CYNTHIA T,Book Chapter,title book lecture note network system,No relevant subject found
https://christuniversity.in/computer-science/faculty-details/NjgzOQ==/NjI=,Dr  CYNTHIA T,Book Chapter,title bookchapterarticlecase study quality service study downlink scheduling algorithm mobile network,No relevant subject found
https://christuniversity.in/computer-science/faculty-details/NjgzOQ==/NjI=,Dr  CYNTHIA T,Book Chapter,monthyear jul,No relevant subject found
https://christuniversity.in/computer-science/faculty-details/NjgzOQ==/NjI=,Dr  CYNTHIA T,Book Chapter,isbn ,No relevant subject found
https://christuniversity.in/computer-science/faculty-details/NjgzOQ==/NjI=,Dr  CYNTHIA T,Book Chapter,page ,No relevant subject found
https://christuniversity.in/computer-science/faculty-details/NjgzOQ==/NjI=,Dr  CYNTHIA T,Book Chapter,publishing companyinstitution springer,No relevant subject found
https://christuniversity.in/computer-science/faculty-details/NjgzOQ==/NjI=,Dr  CYNTHIA T,Book Chapter,indexing agency scopus,No relevant subject found
https://christuniversity.in/computer-science/faculty-details/NjgzOQ==/NjI=,Dr  CYNTHIA T,Book Chapter,level international publisher,No relevant subject found
https://christuniversity.in/computer-science/faculty-details/NjgzOQ==/NjI=,Dr  CYNTHIA T,Book Chapter, conference proceeding novel approach machine reading comprehension using bertbased large language model  jul ,No relevant subject found
https://christuniversity.in/computer-science/faculty-details/NjgzOQ==/NjI=,Dr  CYNTHIA T,Book Chapter,additional informationtype bookconference proceedingstype workarticlesole authoredco authoredcoauthoredauthor name snisha varghesegobi rhelen k joysridevi rcynthia trajesh kanna rieeetitle bookproceedings conecct th ieee international conference electronics computing communication technologiestitle bookchapterarticlecase studya novel approach machine reading comprehension using bertbased large language modelsmonthyearjulisbnpages publishing companyinstitutionieee exploreindexing agencyscopuslevelinternational publisher type book conference proceeding type work article sole authoredco authored coauthored author name nisha varghesegobi rhelen k joysridevi rcynthia trajesh kanna rieee title book proceeding conecct th ieee international conference electronics computing communication technology title bookchapterarticlecase study novel approach machine reading comprehension using bertbased large language model monthyear jul isbn  page  publishing companyinstitution ieee explore indexing agency scopus level international publisher,No relevant subject found
https://christuniversity.in/computer-science/faculty-details/NjgzOQ==/NjI=,Dr  CYNTHIA T,Book Chapter,type book conference proceeding,No relevant subject found
https://christuniversity.in/computer-science/faculty-details/NjgzOQ==/NjI=,Dr  CYNTHIA T,Book Chapter,type work article,No relevant subject found
https://christuniversity.in/computer-science/faculty-details/NjgzOQ==/NjI=,Dr  CYNTHIA T,Book Chapter,sole authoredco authored coauthored,No relevant subject found
https://christuniversity.in/computer-science/faculty-details/NjgzOQ==/NjI=,Dr  CYNTHIA T,Book Chapter,author name nisha varghesegobi rhelen k joysridevi rcynthia trajesh kanna rieee,No relevant subject found
https://christuniversity.in/computer-science/faculty-details/NjgzOQ==/NjI=,Dr  CYNTHIA T,Book Chapter,title book proceeding conecct th ieee international conference electronics computing communication technology,No relevant subject found
https://christuniversity.in/computer-science/faculty-details/NjgzOQ==/NjI=,Dr  CYNTHIA T,Book Chapter,title bookchapterarticlecase study novel approach machine reading comprehension using bertbased large language model,No relevant subject found
https://christuniversity.in/computer-science/faculty-details/NjgzOQ==/NjI=,Dr  CYNTHIA T,Book Chapter,monthyear jul,No relevant subject found
https://christuniversity.in/computer-science/faculty-details/NjgzOQ==/NjI=,Dr  CYNTHIA T,Book Chapter,isbn ,No relevant subject found
https://christuniversity.in/computer-science/faculty-details/NjgzOQ==/NjI=,Dr  CYNTHIA T,Book Chapter,page ,No relevant subject found
https://christuniversity.in/computer-science/faculty-details/NjgzOQ==/NjI=,Dr  CYNTHIA T,Book Chapter,publishing companyinstitution ieee explore,No relevant subject found
https://christuniversity.in/computer-science/faculty-details/NjgzOQ==/NjI=,Dr  CYNTHIA T,Book Chapter,indexing agency scopus,No relevant subject found
https://christuniversity.in/computer-science/faculty-details/NjgzOQ==/NjI=,Dr  CYNTHIA T,Book Chapter,level international publisher,No relevant subject found
